{
    "accuracy": 0.8905,
    "precision": 0.8883792048929664,
    "recall": 0.7991746905089409,
    "f1": 0.8414192614047792
}